{
    "training": {
        "min_samples": 10,
        "cv_folds": 5,
        "test_size": 0.2,
        "auto_retrain_days": 3,
        "validation_threshold": 0.65,
        "early_stopping_rounds": 50,
        "learning_rate": 0.01,
        "batch_size": 32,
        "max_epochs": 1000
    },
    "models": {
        "ensemble_weights": [0.4, 0.3, 0.2, 0.1],
        "confidence_calibration": true,
        "feature_selection": {
            "method": "rfe",
            "max_features": 30
        },
        "model_types": ["xgboost", "random_forest", "logistic", "neural_net"],
        "hyperparameter_tuning": true,
        "calibration_method": "platt"
    },
    "features": {
        "max_features": 30,
        "polynomial_degree": 2,
        "interaction_terms": true,
        "rolling_window": 5,
        "normalization": "standard",
        "feature_groups": {
            "team_strength": ["power_rating", "form", "home_advantage"],
            "match_stats": ["possession", "shots", "xg"],
            "odds_analysis": ["value_bet", "market_efficiency"],
            "context_factors": ["importance", "pressure", "motivation"]
        },
        "time_based_features": true
    },
    "monitoring": {
        "drift_detection": true,
        "performance_threshold": 0.60,
        "data_quality_checks": true,
        "log_predictions": true
    }
}
